<?xml version="1.0" encoding="UTF-8"?>
<model package="xfeedback" baseClass="xPDOObject" platform="mysql" defaultEngine="MyISAM" phpdoc-package="xfeedback"
	   version="1.1">

	<object class="xFeedbackItem" table="xfeedback_items" extends="xPDOSimpleObject">
		<field key="name" dbtype="varchar" precision="100" phptype="string" null="false" default=""/>
		<field key="rating" dbtype="int" precision="10" phptype="int" null="false" default="0"/>
		<field key="comment" dbtype="text" phptype="text" null="true" default=""/>
		<field key="photo" dbtype="varchar" precision="255" phptype="string" null="false" default=""/>
        <field key="pub_date" dbtype="datetime" phptype="datetime" null="true" default="0000-00-00 00:00:00" />
		<field key="active" dbtype="tinyint" precision="1" phptype="boolean" null="true" default="0"/>

		<index alias="name" name="name" primary="false" unique="false" type="BTREE">
			<column key="name" length="" collation="A" null="false"/>
		</index>
		<index alias="active" name="active" primary="false" unique="false" type="BTREE">
			<column key="active" length="" collation="A" null="false"/>
		</index>
	</object>

</model>